{
  "weights": [
    1.0873380924783256e-11,
    -0.25404755460522005,
    0.6410144738346524,
    0.9496963267018195
  ],
  "bias": 0.08844444448521421
}