{
  "weights": [
    9.427342256573491e-07,
    3.136521306128703e-05,
    5.620712442190685e-06,
    6.498921566765555e-07,
    5.1294884623580443e-05,
    4.456418513252426e-05,
    2.043036138663996e-05,
    -1.4860872695486953,
    -0.00011093591127445505,
    0.6659075383821633,
    -0.39920358359675345,
    0.2569058914473514,
    -0.0075983882396424935,
    -2.181978054300678,
    -0.45063700064416307,
    0.6024723892489328,
    0.08281198026232432,
    -0.4059737823491592,
    0.04945152198754093,
    0.8916464388947996,
    -3.5036342673722758e-06,
    -0.9720938144090794,
    7.762544918115894e-06,
    -1.8418853000143733,
    -0.25832153836739824,
    2.6435612775755048e-05,
    -0.9992473435586728,
    -3.829778581313278e-05,
    -0.6026108150627693,
    -0.6508307023923667
  ],
  "bias": -0.028684326160950343
}