{
  "weights": [
    2.1603278125791376e-11,
    0.42382773787057226,
    1.8254307685722465e-11,
    4.069685994526492e-11,
    -0.28913897281355394,
    0.6032017213353773,
    -0.9910870675441538,
    -0.9082857149103808,
    -0.2313300523811159,
    0.281199291548034,
    -0.36698626937573686,
    0.749498672631221,
    -3.8832485822657067e-10,
    -3.0603572967524983,
    -0.6194037560258472,
    0.5342048299149234,
    0.3442062516878775,
    -0.7364789770959166,
    3.8469713574136764e-10,
    1.6917886729536358,
    -6.52882161165976e-10,
    -1.911037726685544,
    -2.8987414668513246e-10,
    -3.1602813002847507,
    -0.16663817694693597,
    4.551216175429128e-09,
    -0.9175010988221466,
    -3.3856355949905344e-11,
    -0.41511556482661965,
    -1.1326061425337135
  ],
  "bias": -0.5270476544448309
}