{
  "weights": [
    -4.949572071444078e-07,
    -0.2540476999685431,
    0.6410142770360362,
    0.9496963869933968
  ],
  "bias": 0.08844441883123454
}